{
  "version": "6",
  "dialect": "sqlite",
  "id": "491e5a1b-3aad-4fbe-a8a4-1d599a67d4d2",
  "prevId": "00000000-0000-0000-0000-000000000000",
  "tables": {
    "cpu_brands": {
      "name": "cpu_brands",
      "columns": {
        "id": {
          "name": "id",
          "type": "integer",
          "primaryKey": true,
          "notNull": true,
          "autoincrement": false
        },
        "name": {
          "name": "name",
          "type": "text",
          "primaryKey": false,
          "notNull": true,
          "autoincrement": false
        },
        "value": {
          "name": "value",
          "type": "text",
          "primaryKey": false,
          "notNull": true,
          "autoincrement": false
        }
      },
      "indexes": {
        "cpu_brands_value_unique": {
          "name": "cpu_brands_value_unique",
          "columns": [
            "value"
          ],
          "isUnique": true
        }
      },
      "foreignKeys": {},
      "compositePrimaryKeys": {},
      "uniqueConstraints": {}
    },
    "cpu_models": {
      "name": "cpu_models",
      "columns": {
        "id": {
          "name": "id",
          "type": "integer",
          "primaryKey": true,
          "notNull": true,
          "autoincrement": false
        },
        "socket_id": {
          "name": "socket_id",
          "type": "integer",
          "primaryKey": false,
          "notNull": false,
          "autoincrement": false
        },
        "name": {
          "name": "name",
          "type": "text",
          "primaryKey": false,
          "notNull": true,
          "autoincrement": false
        },
        "value": {
          "name": "value",
          "type": "text",
          "primaryKey": false,
          "notNull": true,
          "autoincrement": false
        }
      },
      "indexes": {
        "cpu_models_value_unique": {
          "name": "cpu_models_value_unique",
          "columns": [
            "value"
          ],
          "isUnique": true
        }
      },
      "foreignKeys": {
        "cpu_models_socket_id_cpu_sockets_id_fk": {
          "name": "cpu_models_socket_id_cpu_sockets_id_fk",
          "tableFrom": "cpu_models",
          "tableTo": "cpu_sockets",
          "columnsFrom": [
            "socket_id"
          ],
          "columnsTo": [
            "id"
          ],
          "onDelete": "cascade",
          "onUpdate": "no action"
        }
      },
      "compositePrimaryKeys": {},
      "uniqueConstraints": {}
    },
    "cpu_sockets": {
      "name": "cpu_sockets",
      "columns": {
        "id": {
          "name": "id",
          "type": "integer",
          "primaryKey": true,
          "notNull": true,
          "autoincrement": false
        },
        "brand_id": {
          "name": "brand_id",
          "type": "integer",
          "primaryKey": false,
          "notNull": false,
          "autoincrement": false
        },
        "name": {
          "name": "name",
          "type": "text",
          "primaryKey": false,
          "notNull": true,
          "autoincrement": false
        },
        "value": {
          "name": "value",
          "type": "text",
          "primaryKey": false,
          "notNull": true,
          "autoincrement": false
        }
      },
      "indexes": {
        "cpu_sockets_value_unique": {
          "name": "cpu_sockets_value_unique",
          "columns": [
            "value"
          ],
          "isUnique": true
        }
      },
      "foreignKeys": {
        "cpu_sockets_brand_id_cpu_brands_id_fk": {
          "name": "cpu_sockets_brand_id_cpu_brands_id_fk",
          "tableFrom": "cpu_sockets",
          "tableTo": "cpu_brands",
          "columnsFrom": [
            "brand_id"
          ],
          "columnsTo": [
            "id"
          ],
          "onDelete": "cascade",
          "onUpdate": "no action"
        }
      },
      "compositePrimaryKeys": {},
      "uniqueConstraints": {}
    }
  },
  "enums": {},
  "_meta": {
    "schemas": {},
    "tables": {},
    "columns": {}
  },
  "internal": {
    "indexes": {}
  }
}