{
  "version": "6",
  "dialect": "sqlite",
  "id": "28f25c07-da96-48f1-a156-6939e5131a5e",
  "prevId": "491e5a1b-3aad-4fbe-a8a4-1d599a67d4d2",
  "tables": {
    "cpu_brands": {
      "name": "cpu_brands",
      "columns": {
        "id": {
          "name": "id",
          "type": "integer",
          "primaryKey": true,
          "notNull": true,
          "autoincrement": false
        },
        "name": {
          "name": "name",
          "type": "text",
          "primaryKey": false,
          "notNull": true,
          "autoincrement": false
        },
        "value": {
          "name": "value",
          "type": "text",
          "primaryKey": false,
          "notNull": true,
          "autoincrement": false
        }
      },
      "indexes": {
        "cpu_brands_value_unique": {
          "name": "cpu_brands_value_unique",
          "columns": [
            "value"
          ],
          "isUnique": true
        }
      },
      "foreignKeys": {},
      "compositePrimaryKeys": {},
      "uniqueConstraints": {}
    },
    "cpu_models": {
      "name": "cpu_models",
      "columns": {
        "id": {
          "name": "id",
          "type": "integer",
          "primaryKey": true,
          "notNull": true,
          "autoincrement": false
        },
        "socket_id": {
          "name": "socket_id",
          "type": "integer",
          "primaryKey": false,
          "notNull": false,
          "autoincrement": false
        },
        "name": {
          "name": "name",
          "type": "text",
          "primaryKey": false,
          "notNull": true,
          "autoincrement": false
        },
        "value": {
          "name": "value",
          "type": "text",
          "primaryKey": false,
          "notNull": true,
          "autoincrement": false
        }
      },
      "indexes": {
        "cpu_models_value_unique": {
          "name": "cpu_models_value_unique",
          "columns": [
            "value"
          ],
          "isUnique": true
        }
      },
      "foreignKeys": {
        "cpu_models_socket_id_cpu_sockets_id_fk": {
          "name": "cpu_models_socket_id_cpu_sockets_id_fk",
          "tableFrom": "cpu_models",
          "tableTo": "cpu_sockets",
          "columnsFrom": [
            "socket_id"
          ],
          "columnsTo": [
            "id"
          ],
          "onDelete": "cascade",
          "onUpdate": "no action"
        }
      },
      "compositePrimaryKeys": {},
      "uniqueConstraints": {}
    },
    "cpu_sockets": {
      "name": "cpu_sockets",
      "columns": {
        "id": {
          "name": "id",
          "type": "integer",
          "primaryKey": true,
          "notNull": true,
          "autoincrement": false
        },
        "brand_id": {
          "name": "brand_id",
          "type": "integer",
          "primaryKey": false,
          "notNull": false,
          "autoincrement": false
        },
        "name": {
          "name": "name",
          "type": "text",
          "primaryKey": false,
          "notNull": true,
          "autoincrement": false
        },
        "value": {
          "name": "value",
          "type": "text",
          "primaryKey": false,
          "notNull": true,
          "autoincrement": false
        }
      },
      "indexes": {
        "cpu_sockets_value_unique": {
          "name": "cpu_sockets_value_unique",
          "columns": [
            "value"
          ],
          "isUnique": true
        }
      },
      "foreignKeys": {
        "cpu_sockets_brand_id_cpu_brands_id_fk": {
          "name": "cpu_sockets_brand_id_cpu_brands_id_fk",
          "tableFrom": "cpu_sockets",
          "tableTo": "cpu_brands",
          "columnsFrom": [
            "brand_id"
          ],
          "columnsTo": [
            "id"
          ],
          "onDelete": "cascade",
          "onUpdate": "no action"
        }
      },
      "compositePrimaryKeys": {},
      "uniqueConstraints": {}
    },
    "product_listings": {
      "name": "product_listings",
      "columns": {
        "id": {
          "name": "id",
          "type": "integer",
          "primaryKey": true,
          "notNull": true,
          "autoincrement": false
        },
        "supplier_id": {
          "name": "supplier_id",
          "type": "integer",
          "primaryKey": false,
          "notNull": false,
          "autoincrement": false
        },
        "cpu_model_id": {
          "name": "cpu_model_id",
          "type": "integer",
          "primaryKey": false,
          "notNull": false,
          "autoincrement": false
        },
        "price": {
          "name": "price",
          "type": "real",
          "primaryKey": false,
          "notNull": true,
          "autoincrement": false
        },
        "url": {
          "name": "url",
          "type": "text",
          "primaryKey": false,
          "notNull": true,
          "autoincrement": false
        },
        "last_updated": {
          "name": "last_updated",
          "type": "integer",
          "primaryKey": false,
          "notNull": true,
          "autoincrement": false
        }
      },
      "indexes": {},
      "foreignKeys": {
        "product_listings_supplier_id_suppliers_id_fk": {
          "name": "product_listings_supplier_id_suppliers_id_fk",
          "tableFrom": "product_listings",
          "tableTo": "suppliers",
          "columnsFrom": [
            "supplier_id"
          ],
          "columnsTo": [
            "id"
          ],
          "onDelete": "cascade",
          "onUpdate": "no action"
        },
        "product_listings_cpu_model_id_cpu_models_id_fk": {
          "name": "product_listings_cpu_model_id_cpu_models_id_fk",
          "tableFrom": "product_listings",
          "tableTo": "cpu_models",
          "columnsFrom": [
            "cpu_model_id"
          ],
          "columnsTo": [
            "id"
          ],
          "onDelete": "cascade",
          "onUpdate": "no action"
        }
      },
      "compositePrimaryKeys": {},
      "uniqueConstraints": {}
    },
    "suppliers": {
      "name": "suppliers",
      "columns": {
        "id": {
          "name": "id",
          "type": "integer",
          "primaryKey": true,
          "notNull": true,
          "autoincrement": false
        },
        "name": {
          "name": "name",
          "type": "text",
          "primaryKey": false,
          "notNull": true,
          "autoincrement": false
        },
        "value": {
          "name": "value",
          "type": "text",
          "primaryKey": false,
          "notNull": true,
          "autoincrement": false
        }
      },
      "indexes": {
        "suppliers_value_unique": {
          "name": "suppliers_value_unique",
          "columns": [
            "value"
          ],
          "isUnique": true
        }
      },
      "foreignKeys": {},
      "compositePrimaryKeys": {},
      "uniqueConstraints": {}
    }
  },
  "enums": {},
  "_meta": {
    "schemas": {},
    "tables": {},
    "columns": {}
  },
  "internal": {
    "indexes": {}
  }
}